Hedef Kelime (Target Word),İpucu 1,İpucu 2,İpucu 3,İpucu 4,İpucu 5,Alt Kategori (Set),Nadirlik (Rarity)
PULP FICTION,TARANTINO,DANS,ÇANTA,UMA THURMAN,JOHN TRAVOLTA,Hollywood Efsaneleri,Legendary
INTERSTELLAR,NOLAN,KARA DELIK,UZAY,ZAMAN,KÜTÜPHANE,Hollywood Efsaneleri,Legendary
THE GODFATHER,CORLEONE,MAFYA,AL PACINO,MARLON BRANDO,ITALYA,Hollywood Efsaneleri,Legendary
INCEPTION,RÜYA,TOPAÇ,NOLAN,LABIRENT,LEONARDO DICAPRIO,Hollywood Efsaneleri,Legendary
FIGHT CLUB,KURAL,EDWARD NORTON,SABUN,ŞIZOFREN,BRAD PITT,Hollywood Efsaneleri,Legendary
AVATAR,MAVI,PANDORA,JAMES CAMERON,KUYRUK,DEV,Sinema Dünyası & Terimler,Rare
JOKER,MERDIVEN,PALYAÇO,MAKYAJ,JOAQUIN PHOENIX,BATMAN,Sinema Dünyası & Terimler,Rare
THE MATRIX,SANAL,ZION,GÖZLÜK,KEANU REEVES,AJAN SMITH,Hollywood Efsaneleri,Legendary
LA LA LAND,CAZ,DANS,PIYANO,RYAN GOSLING,EMMA STONE,Sinema Dünyası & Terimler,Rare
STAR WARS,DARTH VADER,IŞIN KILIÇI,JEDI,LUKE SKYWALKER,UZAY,Hollywood Efsaneleri,Legendary
GLADIATOR,RUSSELL CROWE,ROMA,ARENA,SEZAR,IMPARATOR,Sinema Dünyası & Terimler,Epic
TITANIC,GEMI,OKYANUS,JACK,ROSE,BUZDAĞI,Hollywood Efsaneleri,Legendary
JURASSIC PARK,DINOZOR,SPIELBERG,ADA,DNA,FOSIL,Hollywood Efsaneleri,Legendary
THE DARK KNIGHT,SERİ,NOLAN,JOKER,GOTHAM,HEATH LEDGER,Hollywood Efsaneleri,Legendary
HARRY POTTER,BÜYÜ,ASA,HOGWARTS,VOLDEMORT,HERMIONE,Sinema Dünyası & Terimler,Epic
THE HOBBIT,CÜCE,EJDERHA,BILBO BAGGINS,GANDALF,YÜZÜK,Sinema Dünyası & Terimler,Rare
FORREST GUMP,TOM HANKS,ÇIKOLATA,BANK,KOŞMAK,KUTUSU,Sinema Dünyası & Terimler,Epic
THE SHINNING,KORKU,BALTA,KAR,OTEL,JACK NICHOLSON,Sinema Dünyası & Terimler,Rare
SE7EN,GÜNAH,KUTU,BRAD PITT,DEDEKTIF,KATIL,Hollywood Efsaneleri,Legendary
WHIPLASH,MÜZİK,KONSERVATUAR,CAZ,BATERI,DAVUL,Sinema Dünyası & Terimler,Rare
PARASITE,KORE,OSCAR,EV,BODRUM,ZENGIN,Kült Filmler & Yönetmenler,Rare
TERMINATOR,ROBOT,GELECEK,MAKINELER,SCHWARZENEGGER,METAL,Sinema Dünyası & Terimler,Rare
THE TRUMAN SHOW,TV,SAHTE,KAMERA,DÜNYA,JIM CARREY,Sinema Dünyası & Terimler,Rare
CARS,YARIŞ,PASPAS,RADYATÖR,SIMŞEK MCQUEEN,ARABA,Hollywood Efsaneleri,Legendary
TOY STORY,OYUNCAK,ROBOT,ANDY,WOODY,BUZZ LIGHTYEAR,Sinema Dünyası & Terimler,Rare
SHREK,BATAKLIK,EŞEK,PRENSES,YEŞIL,DEV,Sinema Dünyası & Terimler,Rare
THE LION KING,MUFASA,SIMBA,ORMAN,KRAL,ASLAN,Sinema Dünyası & Terimler,Rare
UP,BALON,EV,YAŞLI,UÇMAK,KÖPEK,Sinema Dünyası & Terimler,Rare
FINDING NEMO,OKYANUS,TURUNCU,KAYIP,BALIK,DORY,Sinema Dünyası & Terimler,Rare
WALL-E,ROBOT,ÇÖP,DÜNYA,EVE,UZAY,Sinema Dünyası & Terimler,Rare
PULP FICTION,TARANTINO,UMA THURMAN,JOHN TRAVOLTA,DANS,ÇANTA,Hollywood Efsaneleri,Legendary
AMELIE,FRANSIZ,PARIS,KIRMIZI,AŞK,FOTOĞRAF,Sinema Dünyası & Terimler,Rare
PSYCHO,ALFRED HITCHCOCK,DUŞ,BIÇAK,OTEL,BATES,Hollywood Efsaneleri,Legendary
JAWS,SPIELBERG,OKYANUS,PLAJ,DİŞ,KÖPEKBALIĞI,Hollywood Efsaneleri,Legendary
DUNKIRK,NOLAN,SAVAŞ,ASKER,GEMI,UÇAK,Hollywood Efsaneleri,Legendary
OPPENHEIMER,BOMBA,SAVAŞ,FİZİKÇİ,ATOM,NOLAN,Hollywood Efsaneleri,Legendary
CASABLANCA,Humphrey Bogart,Rick,AŞK,PIYANO,FAS,Sinema Dünyası & Terimler,Rare
SNAKES ON A PLANE,SAMUEL L. JACKSON,UÇAK,ZEHIRLI,YOLCU,YILAN,Sinema Dünyası & Terimler,Rare
ALIEN,SIGOURNEY WEAVER,YUMURTA,GEÇİT,YARATIK,UZAY,Sinema Dünyası & Terimler,Rare
BACK TO THE FUTURE,MARTY MCFLY,DOKTOR,GELECEK,ZAMAN MAKINESI,DELOREAN,Sinema Dünyası & Terimler,Rare
ROCKY,BOKS,RING,SYLVESTER STALLONE,ANTRENMAN,BALBOA,Sinema Dünyası & Terimler,Rare
DIE HARD,NAKATOMI PLAZA,TERÖRIST,YILBAŞI,BRUCE WILLIS,POLIS,Sinema Dünyası & Terimler,Rare
HOME ALONE,YALNIZ,TUZAK,HIRSIZ,MACAULAY CULKIN,NOEL,Sinema Dünyası & Terimler,Rare
GHOSTBUSTERS,EKTO-1,NEW YORK,YEŞIL,HAYALET,AVCI,Sinema Dünyası & Terimler,Rare
PIRATES OF CARIBBEAN,GEMI,OKYANUS,HAZINE,JACK SPARROW,GEMI,Sinema Dünyası & Terimler,Rare
JUMANJI,ZAR,OYUN,ORMAN,ROBIN WILLIAMS,HAYVAN,Sinema Dünyası & Terimler,Rare
THE REVENANT,OSCAR,KAR,SOĞUK,AYI,LEONARDO DICAPRIO,Hollywood Efsaneleri,Legendary
MAD MAX FURY ROAD,AKSIYON,ARABA,ÇÖL,CHARLIZE THERON,TOM HARDY,Sinema Dünyası & Terimler,Rare
THE DEPARTED,POLIS,DICAPRIO,MATT DAMON,JACK NICHOLSON,İSPİYON,Hollywood Efsaneleri,Legendary
CATCH ME IF YOU CAN,SAHTEKAR,DOKTOR,DICAPRIO,TOM HANKS,PİLOT,Hollywood Efsaneleri,Legendary
BLOOD DIAMOND,ELMAS,AFRIKA,DICAPRIO,KAÇAKÇI,SAVAŞ,Hollywood Efsaneleri,Legendary
SHUTTER ISLAND,DEDEKTIF,AKIL HASTANESI,GİZEM,DICAPRIO,ADA,Hollywood Efsaneleri,Legendary
THE GREAT GATSBY,ZENGIN,PARTI,DICAPRIO,AŞK,MALIKANE,Hollywood Efsaneleri,Legendary
THE MARTIAN,UZAY,PATATES,MATT DAMON,EVE DÖNÜŞ,KIZIL GEZEGEN,Sinema Dünyası & Terimler,Rare
GRAVITY,UZAY,SANDRA BULLOCK,ISTASYON,GEORGE CLOONEY,YER ÇEKİMİ,Sinema Dünyası & Terimler,Rare
THE PRESTIGE,CHRISTIAN BALE,HUGH JACKMAN,TESLA,SİHİRBAZ,ILLÜZYON,Sinema Dünyası & Terimler,Rare
MEMENTO,FOTOĞRAF,DÖVME,HAFIZA,KAYIP,NOLAN,Hollywood Efsaneleri,Legendary
TENET,AKSIYON,NOLAN,AJAN,ZAMAN,TERSINE,Hollywood Efsaneleri,Legendary
INSOMNIA,DEDEKTIF,ALASKA,AL PACINO,UYKUSUZLUK,NOLAN,Hollywood Efsaneleri,Legendary
ZODIAC,KATIL,GAZETE,DEDEKTIF,ROBERT DOWNEY JR,FINCHER,Sinema Dünyası & Terimler,Rare
THE SOCIAL NETWORK,FACEBOOK,ZUCKERBERG,INTERNET,HARVARD,FINCHER,Sinema Dünyası & Terimler,Epic
GONE GIRL,KAYIP,EŞ,BEN AFFLECK,GIZEM,FINCHER,Sinema Dünyası & Terimler,Rare
PANIC ROOM,ODA,KASA,HIRSIZ,JODIE FOSTER,SIĞINAK,Sinema Dünyası & Terimler,Rare
THE GAME,OYUN,MICHAEL DOUGLAS,GIZEM,FINCHER,HEDIYE,Sinema Dünyası & Terimler,Rare
SEVEN,GÜNAH,DEDEKTIF,BRAD PITT,KATIL,FINCHER,Hollywood Efsaneleri,Legendary
ALIEN 3,YARATIK,HAPISHANE,SIGOURNEY WEAVER,UZAY,FINCHER,Sinema Dünyası & Terimler,Rare
THE CURIOUS CASE,BENJAMIN BUTTON,YAŞLANMAK,BRAD PITT,TERSE,FINCHER,Hollywood Efsaneleri,Legendary
PULP FICTION,TARANTINO,TRAVOLTA,DANS,UMA THURMAN,ÇANTA,Hollywood Efsaneleri,Legendary
RESERVOIR DOGS,SOYGUN,ELMAS,TARANTINO,DEPO,RENKLER,Hollywood Efsaneleri,Legendary
KILL BILL,SARU ELBISE,SAMURAY,UMA THURMAN,INTIKAM,GELIN,Sinema Dünyası & Terimler,Rare
INGLOURIOUS BASTERDS,SAVAŞ,NAZI,BRAD PITT,TARANTINO,ALMANYA,Hollywood Efsaneleri,Legendary
DJANGO UNCHAINED,KÖLE,ZENCIRSIZ,DICAPRIO,TARANTINO,SILAH,Hollywood Efsaneleri,Legendary
ONCE UPON A TIME,HOLLYWOOD,BRAD PITT,DICAPRIO,TARANTINO,AKTÖR,Hollywood Efsaneleri,Legendary
THE HATEFUL EIGHT,KAR,POSTA ARABASI,KULÜBE,TARANTINO,SILAH,Hollywood Efsaneleri,Legendary
DEATH PROOF,ARABA,DUBLÖR,TARANTINO,KAZA,KURT RUSSELL,Hollywood Efsaneleri,Legendary
JACKIE BROWN,UÇAK,PARA,TARANTINO,PAM GRIER,KURYELER,Hollywood Efsaneleri,Legendary
REAR WINDOW,PENCERE,ALFRED HITCHCOCK,DÜRBIN,KOMŞU,KATIL,Hollywood Efsaneleri,Legendary
VERTIGO,YÜKSEKLIK,KORKU,HITCHCOCK,KÖPRÜ,SAN FRANSISCO,Hollywood Efsaneleri,Legendary
NORTH BY NORTHWEST,UÇAK,TARLA,CARY GRANT,HITCHCOCK,HILAL,Hollywood Efsaneleri,Legendary
THE BIRDS,KUŞLAR,SALDIRI,HITCHCOCK,KASABA,KORKU,Hollywood Efsaneleri,Legendary
ROPE,IP,DAIRE,SANDIK,CINAYET,HITCHCOCK,Hollywood Efsaneleri,Legendary
DIAL M FOR MURDER,TELEFON,CINAYET,HITCHCOCK,ANAHTAR,EŞ,Hollywood Efsaneleri,Legendary
THE TERMINATOR,ROBOT,ARNOLD,GELECEK,SARAH CONNOR,JAMES CAMERON,Sinema Dünyası & Terimler,Rare
ALIENS,YARATIK,SIGOURNEY WEAVER,JAMES CAMERON,ASKER,GEÇIT,Sinema Dünyası & Terimler,Rare
THE ABYSS,DENIZALTI,OKYANUS,JAMES CAMERON,UZAYLI,DERIN,Sinema Dünyası & Terimler,Rare
TITANIC,JACK,ROSE,GEMI,JAMES CAMERON,BUZDAĞI,Hollywood Efsaneleri,Legendary
AVATAR,PANDORA,JAMES CAMERON,MAVI,AĞAÇ,OKYANUS,Sinema Dünyası & Terimler,Rare
SCHINDLER'S LIST,NAZI,ALMANYA,SPIELBERG,SAVAŞ,KUTSAL,Hollywood Efsaneleri,Legendary
SAVING PRIVATE RYAN,NORMANDIYA,TOM HANKS,SPIELBERG,ASKER,SAVAŞ,Hollywood Efsaneleri,Legendary
JAWS,KÖPEKBALIĞI,OKYANUS,SPIELBERG,PLAJ,DIŞ,Hollywood Efsaneleri,Legendary
E.T.,UZAYLI,BISIKLET,PARMAK,SPIELBERG,ÇOCUK,Hollywood Efsaneleri,Legendary
JURASSIC PARK,DINOZOR,ADA,SPIELBERG,PARK,DNA,Hollywood Efsaneleri,Legendary
INDIANA JONES,KAMÇI,ŞAPKA,HARRISON FORD,SPIELBERG,ARKEOLOG,Hollywood Efsaneleri,Legendary
CLOSE ENCOUNTERS,UZAYLI,IŞIK,SPIELBERG,DAĞ,UFO,Hollywood Efsaneleri,Legendary
MINORITY REPORT,GELECEK,TOM CRUISE,SPIELBERG,POLIS,CINAYET,Hollywood Efsaneleri,Legendary
CATCH ME IF YOU CAN,SAHTEKAR,DICAPRIO,SPIELBERG,TOM HANKS,DOLANDIRICI,Hollywood Efsaneleri,Legendary
WAR OF THE WORLDS,UZAYLI,ISTILA,TOM CRUISE,SPIELBERG,ROBOT,Hollywood Efsaneleri,Legendary
LEONARDO DICAPRIO,TITANIC,OSCAR,INCEPTION,REVENANT,AKTÖR,Hollywood Efsaneleri,Legendary
BRAD PITT,FIGHT CLUB,SEVEN,ANGELINA JOLIE,YAKIŞIKLI,OSCAR,Hollywood Efsaneleri,Legendary
TOM HANKS,FORREST GUMP,CAST AWAY,OSCAR,TOY STORY,AKTÖR,Kült Filmler & Yönetmenler,Epic
AL PACINO,GODFATHER,SCARFACE,SCENT OF A WOMAN,MICHAEL CORLEONE,AKTÖR,Hollywood Efsaneleri,Legendary
ROBERT DE NIRO,TAXI DRIVER,GODFATHER,GOODFELLAS,OSCAR,AKTÖR,Hollywood Efsaneleri,Legendary
JOHNNY DEPP,KORSAN,JACK SPARROW,MAKAS ELLER,ALICE,AMBER HEARD,Sinema Dünyası & Terimler,Rare
TOM CRUISE,MISSION IMPOSSIBLE,TOP GUN,SILAH,DUBLÖR,AKSIYON,Hollywood Efsaneleri,Legendary
WILL SMITH,MEN IN BLACK,OSCAR,TOKAT,RAP,I AM LEGEND,Kült Filmler & Yönetmenler,Rare
KEANU REEVES,MATRIX,JOHN WICK,NEO,SPEED,KANADA,Hollywood Efsaneleri,Legendary
CHRISTIAN BALE,BATMAN,PRESTIGE,MAKINEST,ZAYIFLAMAK,OSCAR,Kült Filmler & Yönetmenler,Rare
MATT DAMON,BOURNE,INTERSTELLAR,MARTIAN,BRAD PITT,AKTÖR,Hollywood Efsaneleri,Legendary
MORGAN FREEMAN,SES,TANRI,SHAWSHANK,YAŞLI,OSCAR,Hollywood Efsaneleri,Legendary
JACK NICHOLSON,SHINING,BATMAN,JOKER,DEPARTED,OSCAR,Kült Filmler & Yönetmenler,Rare
CLINT EASTWOOD,KOVBOY,SILAH,YÖNETMEN,DURAN ADAM,AKTÖR,Kült Filmler & Yönetmenler,Rare
MERYL STREEP,OSCAR,DEVIL WEARS PRADA,MAMMA MIA,AKTRIS,ADAYLIK,Kült Filmler & Yönetmenler,Rare
ANGELINA JOLIE,BRAD PITT,LARA CROFT,AKTRIS,DÖVME,GÜZEL,Hollywood Efsaneleri,Legendary
SCARLETT JOHANSSON,BLACK WIDOW,AVENGERS,MARVEL,AKTRIS,SARISIN,Sinema Dünyası & Terimler,Epic
JENNIFER LAWRENCE,HUNGER GAMES,KATNISS,OSCAR,AKTRIS,DÜŞMEK,Kült Filmler & Yönetmenler,Rare
EMMA STONE,LA LA LAND,SPIDER MAN,OSCAR,AKTRIS,KIZIL,Kült Filmler & Yönetmenler,Rare
MARGOT ROBBIE,BARBIE,HARLEY QUINN,WOLF OF WALL STREET,SARISIN,AKTRIS,Sinema Dünyası & Terimler,Rare
NATALIE PORTMAN,LEON,MATHILDA,BLACK SWAN,OSCAR,STAR WARS,Hollywood Efsaneleri,Legendary
JULIA ROBERTS,PRETTY WOMAN,OSCAR,GÜLÜŞ,AKTRIS,AŞK,Kült Filmler & Yönetmenler,Rare
KATE WINSLET,TITANIC,ROSE,OSCAR,AKTRIS,INGILTERE,Hollywood Efsaneleri,Legendary
ANNE HATHAWAY,DEVIL WEARS PRADA,BATMAN,LES MISERABLES,OSCAR,AKTRIS,Kült Filmler & Yönetmenler,Rare
SANDRA BULLOCK,SPEED,GRAVITY,OSCAR,AKTRIS,AŞK,Kült Filmler & Yönetmenler,Rare
NICOLE KIDMAN,OSCAR,TOM CRUISE,SAATLER,AVUSTRALYA,AKTRIS,Hollywood Efsaneleri,Legendary
CHARLIZE THERON,MAD MAX,MONSTER,OSCAR,AKTRIS,SARISIN,Kült Filmler & Yönetmenler,Rare
PENELOPE CRUZ,ISPANYOL,JAVIER BARDEM,OSCAR,AKTRIS,GÜZEL,Kült Filmler & Yönetmenler,Rare
EMMA WATSON,HARRY POTTER,HERMIONE,BEAUTY AND THE BEAST,INGILTERE,AKTRIS,Sinema Dünyası & Terimler,Epic
JENNIFER ANISTON,FRIENDS,RACHEL,BRAD PITT,AKTRIS,SAÇ,Hollywood Efsaneleri,Legendary
BRUCE WILLIS,DIE HARD,ZOR ÖLÜM,PULP FICTION,KEL,AKSIYON,Hollywood Efsaneleri,Legendary
ARNOLD SCHWARZENEGGER,TERMINATOR,KAS,VALI,AVUSTURYA,ROBOT,Sinema Dünyası & Terimler,Rare
SYLVESTER STALLONE,ROCKY,RAMBO,BOKS,AKSIYON,YAZAR,Sinema Dünyası & Terimler,Rare
JACKIE CHAN,KUNG FU,ÇIN,DÖVÜŞ,KOMEDI,DUBLÖR,Sinema Dünyası & Terimler,Rare
LIAM NEESON,TAKEN,KIZIM,SILAH,AKSIYON,INGILTERE,Sinema Dünyası & Terimler,Rare
HUGH JACKMAN,WOLVERINE,X-MEN,PRESTIGE,AVUSTRALYA,PENÇE,Sinema Dünyası & Terimler,Rare
DANIEL RADCLIFFE,HARRY POTTER,GÖZLÜK,BÜYÜCÜ,ASA,INGILTERE,Sinema Dünyası & Terimler,Epic
ROBERT DOWNEY JR,IRON MAN,AVENGERS,MARVEL,SHERLOCK,OSCAR,Kült Filmler & Yönetmenler,Epic
MARK WAHLBERG,MATT DAMON,AKSIYON,KAS,DEPARTED,RAP,Sinema Dünyası & Terimler,Rare
DWAYNE JOHNSON,KAYA,KAS,GÜREŞ,KEL,ROCK,Sinema Dünyası & Terimler,Rare
VIN DIESEL,ARABA,AKSİYON,KEL,SES,DOMINIC,Sinema Dünyası & Terimler,Rare
JASON STATHAM,TRANSPORTER,KEL,INGILTERE,DÖVÜŞ,ARABA,Sinema Dünyası & Terimler,Rare
DANIEL CRAIG,INGILTERE,GÖZ,AJAN,7,JAMES BOND,Sinema Dünyası & Terimler,Rare
RYAN REYNOLDS,DEADPOOL,MARVEL,KOMEDI,BLAKE LIVELY,KIRMIZI,Sinema Dünyası & Terimler,Rare
CHRIS HEMSWORTH,THOR,MARVEL,ÇEKIÇ,AVUSTRALYA,AVENGERS,Sinema Dünyası & Terimler,Epic
CHRIS EVANS,CAPTAIN AMERICA,MARVEL,KALKAN,AVENGERS,AKTÖR,Sinema Dünyası & Terimler,Epic
BEN AFFLECK,BATMAN,JENNIFER LOPEZ,ARGO,OSCAR,AKTÖR,Kült Filmler & Yönetmenler,Rare
JARED LETO,JOKER,SAÇ,MÜZISYEN,30 SECONDS TO MARS,OSCAR,Kült Filmler & Yönetmenler,Rare
JOAQUIN PHOENIX,JOKER,GLADYATÖR,OSCAR,VEGAN,ROMA,Kült Filmler & Yönetmenler,Rare
HEATH LEDGER,JOKER,DARK KNIGHT,OSCAR,ÖLÜM,AVUSTRALYA,Hollywood Efsaneleri,Legendary
SAMUEL L JACKSON,PULP FICTION,NICK FURY,MARVEL,GÖZLÜK,Zenci,Hollywood Efsaneleri,Legendary
ANTHONY HOPKINS,HANNIBAL LECTER,KUZULARIN SESSIZLIĞI,OSCAR,YAŞLI,INGILTERE,Kült Filmler & Yönetmenler,Rare
DABNEY COLEMAN,AKTÖR,9 TO 5,BIYIK,TV,DRAM,Sinema Dünyası & Terimler,Rare
CLINT EASTWOOD,KOVBOY,SILAH,YÖNETMEN,DURAN ADAM,OSCAR,Kült Filmler & Yönetmenler,Rare
BENEDICT CUMBERBATCH,SHERLOCK,DR STRANGE,MARVEL,INGILTERE,SES,Sinema Dünyası & Terimler,Rare
TOM HIDDLESTON,LOKI,MARVEL,THOR,INGILTERE,AVENGERS,Sinema Dünyası & Terimler,Epic
IDRIS ELBA,LUTHER,INGILTERE,AVENGERS,Zenci,AKTÖR,Sinema Dünyası & Terimler,Epic
GARY OLDMAN,BATMAN,HARRY POTTER,SIRIUS BLACK,OSCAR,INGILTERE,Kült Filmler & Yönetmenler,Epic
EDWARD NORTON,FIGHT CLUB,HULK,AMERICAN HISTORY X,OSCAR,AKTÖR,Hollywood Efsaneleri,Legendary
ROWAN ATKINSON,MR BEAN,KOMEDI,ARABA,INGILTERE,JOHNNY ENGLISH,Sinema Dünyası & Terimler,Rare
JIM CARREY,MASKE,TRUMAN SHOW,KOMEDI,YEŞIL,DUMB AND DUMBER,Sinema Dünyası & Terimler,Rare
ROBIN WILLIAMS,JUMANJI,DEAD POETS,OSCAR,KOMEDI,MIMIK,Kült Filmler & Yönetmenler,Rare
STEVE CARELL,THE OFFICE,MICHAEL SCOTT,KOMEDI,AMERIKA,DRAM,Sinema Dünyası & Terimler,Rare
WILL FERRELL,KOMEDI,ANCHORMAN,AMERIKA,BOY,SAÇ,Sinema Dünyası & Terimler,Rare
BEN STILLER,NIGHT AT THE MUSEUM,ZOOLANDER,KOMEDI,AMERIKA,AKTÖR,Sinema Dünyası & Terimler,Rare
ADAM SANDLER,KOMEDI,AMERIKA,AŞK,GÜLMEK,PANTOLON,Sinema Dünyası & Terimler,Rare
SETH ROGEN,KOMEDI,GÖZLÜK,SAKAL,SES,KANADA,Sinema Dünyası & Terimler,Rare
JONAH HILL,WOLF OF WALL STREET,SUPERBAD,ZAYIFLAMAK,KOMEDI,OSCAR,Kült Filmler & Yönetmenler,Rare
ZAC EFRON,HIGH SCHOOL MUSICAL,KAS,AMERIKA,GÖZ,AKTÖR,Sinema Dünyası & Terimler,Rare
TIMOTHEE CHALAMET,DUNE,WONKA,GENÇ,KIVIRCIK SAÇ,AŞK,Sinema Dünyası & Terimler,Rare
TOM HOLLAND,SPIDER MAN,MARVEL,ZENDAYA,INGILTERE,AVENGERS,Sinema Dünyası & Terimler,Epic
ZENDAYA,SPIDER MAN,EUPHORIA,DUNE,TOM HOLLAND,AKTRIS,Sinema Dünyası & Terimler,Rare
FLORENCE PUGH,DUNE,OPPENHEIMER,AKTRIS,INGILTERE,GÜZEL,Sinema Dünyası & Terimler,Rare
SAOIRSE RONAN,LITTLE WOMEN,OSCAR,IRLANDA,AKTRIS,GÖZ,Kült Filmler & Yönetmenler,Rare
EMILY BLUNT,OPPENHEIMER,A QUIET PLACE,INGILTERE,AKTRIS,OSCAR,Kült Filmler & Yönetmenler,Rare
JESSICA CHASTAIN,INTERSTELLAR,OSCAR,KIZIL,AKTRIS,GÜZEL,Kült Filmler & Yönetmenler,Epic
AMY ADAMS,ARRIVAL,OSCAR,KIZIL,AKTRIS,SUPERMAN,Kült Filmler & Yönetmenler,Rare
LUPITA NYONG'O,OSCAR,BLACK PANTHER,Zenci,AKTRIS,12 YEARS A SLAVE,Kült Filmler & Yönetmenler,Rare
VIOLA DAVIS,OSCAR,HOW TO GET AWAY WITH MURDER,Zenci,AKTRIS,EGOT,Kült Filmler & Yönetmenler,Rare
OCTAVIA SPENCER,OSCAR,THE HELP,Zenci,AKTRIS,AMERIKA,Kült Filmler & Yönetmenler,Rare
CHRISTOPHER NOLAN,INCEPTION,DARK KNIGHT,INTERSTELLAR,ZAMAN,OPPENHEIMER,Hollywood Efsaneleri,Legendary
QUENTIN TARANTINO,PULP FICTION,KILL BILL,KAN,AYAK,YÖNETMEN,Hollywood Efsaneleri,Legendary
STEVEN SPIELBERG,JAWS,SCHINDLER'S LIST,DINOZOR,OSCAR,E.T.,Hollywood Efsaneleri,Legendary
MARTIN SCORSESE,TAXI DRIVER,GOODFELLAS,DICAPRIO,DE NIRO,OSCAR,Hollywood Efsaneleri,Legendary
ALFRED HITCHCOCK,PSYCHO,VERTIGO,KORKU,KUŞLAR,INGILTERE,Hollywood Efsaneleri,Legendary
STANLEY KUBRICK,2001 SPACE ODYSSEY,SHINING,CLOCKWORK ORANGE,OSCAR,DAHI,Hollywood Efsaneleri,Legendary
JAMES CAMERON,TITANIC,AVATAR,TERMINATOR,MAVI,YÖNETMEN,Hollywood Efsaneleri,Legendary
RIDLEY SCOTT,GLADIATOR,ALIEN,BLADE RUNNER,INGILTERE,YÖNETMEN,Kült Filmler & Yönetmenler,Epic
DAVID FINCHER,FIGHT CLUB,SEVEN,ZODIAC,SOCIAL NETWORK,YÖNETMEN,Hollywood Efsaneleri,Legendary
TIM BURTON,BATMAN,GOTIK,KORKU,JOHNNY DEPP,HELENA BONHAM CARTER,Sinema Dünyası & Terimler,Rare
PETER JACKSON,YÜZÜKLERIN EFENDISI,HOBBIT,OSCAR,YENI ZELANDA,GANDALF,Kült Filmler & Yönetmenler,Rare
GEORGE LUCAS,STAR WARS,LUKE SKYWALKER,DARTH VADER,INDIANA JONES,UZAY,Hollywood Efsaneleri,Legendary
FRANCIS FORD COPPOLA,THE GODFATHER,APOCALYPSE NOW,CORLEONE,OSCAR,SOYAD,Hollywood Efsaneleri,Legendary
WOODY ALLEN,NEW YORK,GÖZLÜK,KLARNET,KOMEDI,OSCAR,Kült Filmler & Yönetmenler,Rare
WES ANDERSON,SIMETRI,GRAND BUDAPEST HOTEL,RENKLER,MARGINAL,PASTEL,Sinema Dünyası & Terimler,Rare
DENIS VILLENEUVE,DUNE,BLADE RUNNER 2049,ARRIVAL,PRISONERS,KANADA,Sinema Dünyası & Terimler,Rare
GUILLERMO DEL TORO,PAN'IN LABIRENTI,MEKSIKA,OSCAR,CANAVAR,SHAPE OF WATER,Kült Filmler & Yönetmenler,Rare
BONG JOON HO,PARASITE,KORE,OSCAR,ZENGIN,YÖNETMEN,Kült Filmler & Yönetmenler,Rare
HAYAO MIYAZAKI,ANIME,JAPONYA,GHIBLI,SPIRITED AWAY,TOTORO,Sinema Dünyası & Terimler,Rare
AKIRA KOROSAWA,JAPONYA,SEVEN SAMURAI,SAMURAY,SINEMA,KLASIK,Sinema Dünyası & Terimler,Rare
DAVID LYNCH,TWIN PEAKS,RÜYA,MULLHOLLAND DRIVE,GIZEM,SÜRREAL,Sinema Dünyası & Terimler,Rare
COEN BROTHERS,FARGO,NO COUNTRY FOR OLD MEN,OSCAR,KARDEŞLER,YÖNETMEN,Kült Filmler & Yönetmenler,Rare
ALFONSO CUARON,ROMA,GRAVITY,MEKSIKA,OSCAR,YÖNETMEN,Kült Filmler & Yönetmenler,Rare
ALEJANDRO INARRITU,BIRDMAN,REVENANT,OSCAR,MEKSIKA,YÖNETMEN,Kült Filmler & Yönetmenler,Rare
NURI BILGE CEYLAN,TÜRK,KASABA,UZAK,KIŞ UYKUSU,KANNES,Yerli Klasikler & Efsaneler,Rare
FATIH AKIN,DUVARA KARŞI,ALMANYA,TÜRK,GÜNEŞLI,ALTIN AYI,Yerli Klasikler & Efsaneler,Rare
YAVUZ TURGUL,ŞENER ŞEN,EŞKIYA,MUHSIN BEY,AŞK FILMLERININ,YÖNETMEN,Kült Filmler & Yönetmenler,Rare
REHA ERDEM,TÜRK,KASABA,KORKUYORUM ANNE,SINEMA,YÖNETMEN,Kült Filmler & Yönetmenler,Rare
SERDAR AKAR,GEMIDE,DAR ALANDA KISA PASLAŞMALAR,TÜRK,YÖNETMEN,KÜLT,Kült Filmler & Yönetmenler,Rare
ZAN ZIMMER,MÜZIK,BESTECI,NOLAN,INTERSTELLAR,OSCAR,Hollywood Efsaneleri,Legendary
JOHN WILLIAMS,BESTECI,STAR WARS,INDIANA JONES,OSCAR,SPIELBERG,Hollywood Efsaneleri,Legendary
ENnio MORRICONE,BESTECI,KOVBOY,IYI KÖTÜ ÇIRKIN,ITALYA,OSCAR,Kült Filmler & Yönetmenler,Rare
DANNY ELFMAN,BESTECI,TIM BURTON,SIMPSONS,BATMAN,MÜZIK,Sinema Dünyası & Terimler,Rare
HOWARD SHORE,BESTECI,YÜZÜKLERIN EFENDISI,OSCAR,MÜZIK,GANDALF,Kült Filmler & Yönetmenler,Rare
ALAN SILVESTRI,BESTECI,AVENGERS,BACK TO THE FUTURE,MARVEL,MÜZIK,Sinema Dünyası & Terimler,Epic
JAMES HORNER,BESTECI,TITANIC,AVATAR,OSCAR,MÜZIK,Hollywood Efsaneleri,Legendary
LUDWIG GORANSSON,BESTECI,OPPENHEIMER,BLACK PANTHER,OSCAR,NOLAN,Hollywood Efsaneleri,Legendary
BERNARD HERRMANN,BESTECI,PSYCHO,HITCHCOCK,KORKU,MÜZIK,Hollywood Efsaneleri,Legendary
NINO ROTA,BESTECI,GODFATHER,ITALYA,OSCAR,MÜZIK,Hollywood Efsaneleri,Legendary
CLINT MANSELL,BESTECI,REQUIEM FOR A DREAM,PIYANO,MÜZIK,KORKU,Sinema Dünyası & Terimler,Rare
HABABAM SINIFI,KEMAL SUNAL,HALİT AKÇATEPE,OKUL,KÜLT,MÜNIR ÖZKUL,Yerli Klasikler & Efsaneler,Epic
TOSUN PAŞA,ŞENER ŞEN,KEMAL SUNAL,LÜTFÜ,YEŞIL VADI,SEFEROĞULLARI,Yerli Klasikler & Efsaneler,Epic
SÜT KARDEŞLER,RAMAZAN,ŞABAN,GULYABANI,MÜNIR ÖZKUL,KONAĞI,Sinema Dünyası & Terimler,Rare
EŞKIYA,BARAN,UĞUR YÜCEL,ŞENER ŞEN,ISTANBUL,YAVUZ TURGUL,Sinema Dünyası & Terimler,Rare
KEMAL SUNAL,TÜRK,AKTÖR,KOMEDI,HABABAM SINIFI,ŞABAN,Yerli Klasikler & Efsaneler,Epic
ŞENER ŞEN,KEMAL SUNAL,TOSUN PAŞA,AKTÖR,BADI EKREM,VECIHI,Yerli Klasikler & Efsaneler,Epic
TARIK AKAN,AKTÖR,TÜRK,YOL,HABABAM SINIFI,DAMAT FERIT,Yerli Klasikler & Efsaneler,Epic
CÜNEYT ARKIN,KARA MURAT,DÖVÜŞ,BATAL GAZI,AKTÖR,TÜRK,Yerli Klasikler & Efsaneler,Rare
MÜNIR ÖZKUL,TÜRK,AKTÖR,YAŞAR USTA,HABABAM SINIFI,MAHMUT HOCA,Yerli Klasikler & Efsaneler,Epic
HALIT AKÇATEPE,GÜDÜK NECMI,HABABAM SINIFI,RAMAZAN,TÜRK,AKTÖR,Yerli Klasikler & Efsaneler,Epic
ADILE NAŞIT,HAFIZE ANA,KAHKAHA,HABABAM SINIFI,TÜRK,AKTRIS,Yerli Klasikler & Efsaneler,Epic
KAYHAN YILDIZOĞLU,TÜRK,AKTÖR,BIYIK,TV,DRAM,Yerli Klasikler & Efsaneler,Rare
FILIZ AKIN,GÜZEL,AKTRIS,TÜRK,SARISIN,YEŞILÇAM,Yerli Klasikler & Efsaneler,Rare
FATMA GIRIK,AKTRIS,TÜRK,GÖZ,YEŞILÇAM,BELEDIYE BAŞKANI,Yerli Klasikler & Efsaneler,Rare
HÜLYA KOÇYIĞIT,AKTRIS,TÜRK,YEŞILÇAM,SUSUZ YAZ,ROMANTIK,Yerli Klasikler & Efsaneler,Rare
GÜLŞEN BUBIKOĞLU,TARIK AKAN,GÜZEL,TÜRK,YEŞILÇAM,AKTRIS,Yerli Klasikler & Efsaneler,Rare
HALUK BILGINER,TÜRK,TATLI HAYAT,EMMY,ŞAHSIYET,AGAH BEYOGLU,Yerli Klasikler & Efsaneler,Rare
CEM YILMAZ,G.O.R.A.,AROG,STAND UP,KOMEDI,TÜRK,Yerli Klasikler & Efsaneler,Rare
NURI ALÇO,YEŞILÇAM,TÜRK,KÖTÜ KARAKTER,GAZOZ,İLAÇ,Yerli Klasikler & Efsaneler,Rare
TECAVÜZCÜ COŞKUN,YEŞILÇAM,TÜRK,KÖTÜ KARAKTER,AKTÖR,TACİZ,Yerli Klasikler & Efsaneler,Rare
BADI EKREM,KOŞMAK,BEDEN EĞİTİMİ,KIRMIZI EŞOFMAN,HABABAM SINIFI,SENER SEN,Yerli Klasikler & Efsaneler,Epic
VECIHI,PILOT,UÇAK,GÜLEN GÖZLER,ŞENER ŞEN,AŞK,Sinema Dünyası & Terimler,Rare
AGAH BEYOĞLU,TÜRK,SERI KATIL,UNUTKANLIK,ŞAHSIYET,HALUK BILGINER,Yerli Klasikler & Efsaneler,Rare
SPIDER MAN,MARVEL,KIRMIZI MAVİ,AĞ,PETER PARKER,YARASA,Sinema Dünyası & Terimler,Rare
IRON MAN,REAKTÖR,MARVEL,MARVEL,TONY STARK,AVENGERS,Sinema Dünyası & Terimler,Epic
BATMAN,BRUCE WAYNE,GOTHAM,PELERIN,YARASA,MAĞARA,Hollywood Efsaneleri,Legendary
SUPERMAN,UÇMAK,GÖZLÜK,KIRMIZI PELERIN,CLARK KENT,KRIPTON,Hollywood Efsaneleri,Legendary
SHERLOCK HOLMES,LONDRA,PIPO,WATSON,BÜYÜTEÇ,DEDEKTIF,Sinema Dünyası & Terimler,Rare
DARTH VADER,STAR WARS,LUKE,KIRMIZI IŞIN KILIÇI,SİYAH KASK,BABA,Hollywood Efsaneleri,Legendary
JAMES BOND,INGILTERE,MARTINI,AJAN,SILAH,7,Sinema Dünyası & Terimler,Rare